0033984027602,0,13.6800
5021554984061,0,2.2500
5022339523017,0,9.9500
5019205000710,0,3.6500
5391507370051,0,6.2500
5391507370044,0,3.2900
5017601005230,0,1.6500
5031013101670,0,7.2900
9781853980862,0,15.6000
5031013102196,0,18.0000
5400313093655,0,1.4500
5030131018105,0,4.5900
5013665101475,0,1.7500
5000362001191,0,2.3900
4018639008317,0,19.5500
8711823075800,0,2.9900
5031013100925,0,17.3000
9004145003316,0,2.2500
7610313810024,0,5.3500
5391500434170,0,18.5500
7610313810048,0,5.3500
5037191001009,0,25.5000
5099536000641,0,3.1900
6410500046431,0,1.6500
5060088701218,0,4.0900
5099536000627,0,3.1900
5010219200059,0,4.3500
5391517053531,0,3.1900
5391517063523,0,11.2500
5013803901417,0,4.6900
0033984026841,0,18.5900
5060088701133,0,4.0900
5060088701171,0,4.0900
8000215204226,0,1.8900
9421900325931,0,15.6900
9780749925529,0,19.6500
5027556521129,0,2.6500
5391517063219,0,18.9900
0000000047001,0,4.6500
5391517053753,0,3.5600
0720516000010,0,3.3900
5060107771451,0,5.7500
5391517061116,0,1.9700
5391517050103,0,14.5900
5014653025018,0,2.1500
5032722300392,0,2.7900
5027393000146,0,2.5500
5013821100007,0,1.2900
5029354000516,0,9.2000
5026470333115,0,6.4900
5026470555050,0,9.1900
8427268070026,0,17.1000
5021265220076,0,6.0500
5019205001328,0,5.2500
5010219200004,0,2.8500
8714685000195,0,3.9900
0020188050116,0,3.7900
5011222772557,0,5.4900
5031102000013,0,3.3900
5031102000037,0,3.3900
4026813010513,0,2.3900
4026813110206,0,4.4500
5031102000143,0,3.9500
5024425168027,0,2.7500
0070177010706,0,2.7500
4012824528628,0,2.7500
5011766010191,0,3.7900
5024121402203,0,3.8500
5411188553342,0,1.7900
5411188080190,0,2.2500
5050665004979,0,1.8500
5391515090323,0,5.6900
5030131120075,0,3.1500
5060107331327,0,2.6900
5060107331365,0,2.6900
5060107331341,0,2.6900
0661176010240,0,11.9500
0076314300815,0,17.9500
0782126200150,0,2.1500
5021859020310,0,18.2500
50028900,0,8.8900
5055131126285,0,12.9500
0000000692202,0,3.3500
0000000000000000000000000,0,4.8500
5411188083108,0,1.1900
5709538150052,0,7.0500
5060088700679,0,1.5900
5060088700730,0,1.5900
5014312310103,0,5.1900
5012246285382,0,2.0900
4026813330062,0,4.4900
500048810529,0,10.5300
4030414000149,0,8.8500
5050665005051,0,1.8500
5022339189015,0,9.6000
5018190005144,0,2.3900
5391505430078,0,3.6500
5021991245510,0,22.0400
7610313807215,0,5.2000
5016786150001,0,6.2900
5012246110066,0,22.8900
5018076101144,0,45.8900
5012335120204,0,5.1500
000000000000000135,0,16.0500
63000009,0,4.1500
64000008,0,4.1500
5031013100024,0,16.9500
0084253333207,0,0.8500
25411386311601,0,0.0000
7610313404100,0,10.5000
0875385004208,0,6.5500
00582,0,0.0000
5391505430009,0,3.6500
4043571312802,0,1.7000
5032722308114,0,3.9900
5024425139324,0,2.5500
5055131126421,0,3.6500
9781856266550,0,13.9500
4004148059018,0,9.9500
5411188081722,0,2.4500
5024425167945,0,2.0900
5024121401206,0,3.7500
5411188081845,0,1.9900
0720516021190,0,2.7500
5055131126292,0,12.9500
4018639008270,0,21.2500
5000477007903,0,7.9900
5021554000372,0,5.4900
0075119150069,0,4.3900
0075119150052,0,4.3900
5060098300098,0,5.2900
5391517050615,0,3.2700
5031013101090,0,4.6000
5031013104800,0,8.8000
4062300277410,0,1.2900
4062300326422,0,1.3900
0758802100144,0,12.8000
5411188092636,0,0.6900
5028931046244,0,4.6500
5391500072990,0,9.4500
5391500072440,0,13.2100
50764211,0,20.6900
50230525,0,4.1500
5026236010434,0,1.1900
50392735,0,1.9900
6009644650323,0,29.3500
5031013100949,0,22.2000
5014213000646,0,5.2500
0065378343937,0,2.3500
0015794034919,0,6.6000
7391325333410,0,26.7000
4062300086845,0,11.2900
5391517063387,0,4.7000
50488841,0,7.2500
5391517052640,0,11.2500
9318690001612,0,12.3500
5032722302075,0,4.1500
7610313405404,0,45.0000
5390714000010,0,12.1900
4062300204416,0,1.2900
7610313303076,0,10.5000
5060074021894,0,15.9500
4062300076938,0,4.0500
5060116890457,0,1.6500
5060116890464,0,1.6500
4043571360070,0,1.7000
7610313303106,0,10.5000
7610313424559,0,2.3000
5018424000051,0,3.4900
5018424000068,0,2.9900
4062300203419,0,1.2900
5015672104814,0,11.0000
0033984010154,0,9.1500
3288131600130,0,0.9900
5024121875304,0,2.6500
5011766881074,0,2.3500
5021638000397,0,1.7500
5391515090446,0,5.6900
5391517063745,0,10.0900
5391517065220,0,6.6500
5030131003446,0,1.2900
5011682135206,0,4.9500
5019205000253,0,5.9500
5391517052398,0,10.2500
5014213001711,0,5.1500
9004145026230,0,3.2500
5031102000150,0,1.9900
5391500070866,0,23.9900
5017601026433,0,1.8500
5018076100772,0,35.7500
5390612000600,0,5.2500
5392000025608,0,5.8900
0033984026759,0,18.3500
5391517063516,0,24.2700
8711823195218,0,7.3900
5029220983035,0,10.5300
3578830112059,0,25.9500
0033984004009,0,9.6020
8711823049801,0,1.6500
5024121812200,0,2.9500
7610313303472,0,10.5000
9400501002106,0,3.9500
5017205000389,0,6.8900
5021554985907,0,4.4900
5010338029876,0,2.8500
6009644650453,0,29.2500
5065000523121,0,3.7500
5016084170558,0,3.1900
5060003593171,0,25.4000
5060003594703,0,10.3500
5060003592570,0,19.8000
5060003594635,0,21.0500
5013455080065,0,5.9500
5018076100871,0,3.1500
7610313303090,0,10.5000
5017601028697,0,58.5000
5012689000139,0,4.2900
5391518580000,0,5.9900
4026813330123,0,4.9900
5027437040183,0,40.4900
097467299597,0,28.6500
0720516020568,0,2.9900
5391517050646,0,20.4900
5022339375012,0,10.9000
5425000197850,0,2.6500
50488773,0,5.9900
5010338029883,0,2.8500
5391517062625,0,1.7600
5060073381722,0,4.3500
7610313807345,0,10.5000
8714685000027,0,3.2500
5391517062915,0,1.1500
5391517055535,0,90.2000
5391517063042,0,13.7500
5031013100901,0,6.8000
5391517064414,0,2.4600
7610313303427,0,10.5000
5391517060065,0,51.4800
5391517060959,0,13.7500
0033984013551,0,27.6300
5391505430016,0,3.6500
5032722306813,0,3.5900
5026470555531,0,11.0500
2100000000159,0,9.5000
5391517060232,0,7.9000
5391517060126,0,22.7500
5391517055276,0,9.3000
5391517062427,0,4.5000
5018076100925,0,22.8000
7610313303038,0,10.5000
3288131600147,0,0.9900
5391517064254,0,1.2500
5032722305717,0,4.8900
5031013102790,0,17.3500
5027437040169,0,26.2400
7610313303564,0,6.7500
4004148017766,0,9.9500
5060148520018,0,11.2500
8711823045100,0,2.0500
5021859020419,0,7.8000
5021638013007,0,2.2100
5391517055160,0,10.0500
5391517061215,0,2.5900
0033984000513,0,16.9100
50703036,0,0.6900
5032722311206,0,3.8900
5391517050141,0,6.5700
5013455080850,0,6.9500
5013455080393,0,5.5000
5411188103431,0,2.0900
7610313807321,0,10.5000
5013455081062,0,6.5000
8711823194105,0,2.7500
5013455080553,0,5.9500
7391325933337,0,28.9900
8711823054607,0,2.2900
5060074021887,0,15.9500
5012335851900,0,6.9500
061232201948,0,2.1900
7610313303496,0,10.5000
0619399862573,0,12.0000
4043571360353,0,1.7000
5391517055382,0,6.1900
5391517060140,0,12.2200
0042272000203,0,4.9500
5391517061024,0,10.9200
4062300139060,0,12.9900
5010338029814,0,3.1500
5099536200225,0,15.2100
5017501000106,0,1.0500
2100000000203,0,2.7500
0897762001037,0,14.0200
5390908001533,0,3.8100
7612494145223,0,3.0400
7610313201044,0,7.6200
7612494144721,0,3.0400
7612494144929,0,3.0400
7612494144820,0,3.0400
718334337418,0,10.1200
718334337036,0,10.1200
718334337098,0,10.1200
0718334220161,0,11.5900
718334337043,0,10.1200
0000050499557,0,5.3800
5018116121415,0,6.7600
5013455061415,0,8.0800
5029354001216,0,8.0800
5019205000673,0,3.3000
3289196400130,0,2.5300
8886303245322,0,2.7300
4004191010554,0,5.4400
4001638098045,0,4.5700
0661176010127,0,13.6700
5023580400034,0,12.8100
0661176010936,0,13.4100
0076314300402,0,16.9700
5412533002997,0,8.1800
4021457260416,0,6.5000
4021457370603,0,11.0800
4021457370856,0,3.0500
718334337104,0,10.1200
5412533003857,0,2.3900
0875385004222,0,6.6600
0708002606076,0,5.5400
0897762001044,0,14.0200
5026470555593,0,8.6900
8901186516083,0,7.4700
8901186422216,0,11.1300
8901186460034,0,11.1300
0708002300790,0,4.9300
4021457340118,0,9.7600
4021457370658,0,11.0800
5391518581408,0,1.9800
5032722306332,0,2.9400
5023762001608,0,4.5600
4021457370634,0,11.0800
5390908000307,0,15.7600
9312146000433,0,19.2100
0078522030270,0,12.1500
0078522060000,0,8.1200
5031013103681,0,9.8100
5000175402246,0,1.5800
5055131126377,0,15.1400
5000488201055,0,7.3700
5060083000217,0,7.1100
9400501003875,0,17.2300
4021457330119,0,9.7600
5032722308541,0,2.6900
5060070663340,0,2.8400
50170296,0,7.8600
50170319,0,7.8600
50170340,0,7.8600
50170302,0,7.8600
50170333,0,7.8600
2100000000227,0,10.2700
9004998901005,0,2.4900
8697404760511,0,6.0900
5015285810591,0,1.7200
5013455040199,0,11.4400
0078522091066,0,7.1100
0078522030171,0,8.6400
5391518580708,0,1.9800
5391518580807,0,1.9800
5391518580906,0,1.9800
5391518581002,0,1.9800
5391518581101,0,1.9800
5391518581200,0,1.9800
5391518581323,0,1.9800
5013455031326,0,10.1200
0078522091028,0,7.1100
5098823000067,0,12.9100
7612494136030,0,3.0400
7612494145124,0,3.0400
0617545001005,0,5.4400
7313112062013,0,4.8700
078522083009,0,13.1700
5098823000043,0,12.3000
5098823000227,0,19.8200
5026470555555,0,8.2200
4001638097208,0,15.5000
5412533003017,0,3.1400
5017601001867,0,4.1600
5032722307087,0,2.8000
8712423019102,0,1.3700
4001638099066,0,10.1200
4001638099035,0,10.1200
661176010905,0,13.6700
5023762000809,0,4.5600
5412533004205,0,5.7800
5013665106005,0,1.1700
9312146000730,0,6.8600
5022019330201,0,5.5400
708002900112,0,0.0000
4021457310142,0,14.6400
5412533001105,0,53.4700
4021457370818,0,3.0500
5012246053615,0,4.5000
5012246053622,0,6.6000
0769562019539,0,5.5800
4021457260447,0,9.3500
9332059000030,0,7.1100
9332059000023,0,7.1100
9332059000061,0,7.1100
9332059000054,0,5.0700
3288131600031,0,3.5100
3288131600024,0,3.4500
9332059000016,0,7.1100
5412533000061,0,17.2300
661176010035,0,13.6700
3380380048104,0,2.2300
0077326607251,0,5.1300
4001638097147,0,11.1300
0077326642252,0,5.3400
5060101530016,0,20.3200
708002900129,0,0.0000
0077326655252,0,5.3400
8716099102038,0,1.6800
0086449002256,0,3.9100
4044889000078,0,2.6900
2100000000173,0,12.1900
898999000107,0,2.2300
5017501002124,0,1.0100
5412533002256,0,8.9000
8712439036308,0,3.9500
898999000305,0,2.2300
5014271795287,0,2.4500
5014044006060,0,1.8900
609722716611,0,3.4000
5098823000234,0,19.8200
811639000510,0,3.2900
5021554985327,0,3.8100
5060107331068,0,2.2500
5060003591375,0,39.1500
5412533000092,0,19.3100
50012022,0,1.1100
0033984000254,0,22.6216
5412533005653,0,17.3900
687735999122,0,12.7000
5013636010126,0,0.7000
8710358020439,0,5.2400
7610313404070,0,18.5000
5031013100499,0,17.3500
658712305052,0,1.6500
0658712305014,0,1.5900
7610313404018,0,6.7500
5013455080911,0,6.9500
5013455080461,0,5.9500
5055052619347,0,5.5900
5412533009002,0,4.0600
078522000686,0,10.1500
5060107330481,0,1.5900
4062300268418,0,1.3500
5391518580005,0,4.4900
8712439035301,0,8.2500
5412533007183,0,38.6500
5021638180723,0,1.9900
4012824501157,0,2.6500
4004148013218,0,2.7500
8712423019119,0,1.3100
3380380048432,0,4.0900
5027632000524,0,4.4500
54051133,0,2.2500
0720516020216,0,3.8900
0083000164682,0,29.9500
5023652165007,0,4.5000
50300235,0,2.3900
4012824528383,0,2.7500
5013455080096,0,5.5000
3380390901246,0,2.6900
5012246285689,0,1.9400
5024121616303,0,2.6500
7610313303304,0,10.5000
078522070511,0,9.1000
5060132280607,0,6.5600
8711753007117,0,3.1500
0801541060436,0,2.9900
5412533400366,0,44.7800
8710358020453,0,4.5200
5031013103414,0,6.8500
5391500071153,0,9.4500
5018076100420,0,24.4500
5011835104530,0,8.9900
7610023041336,0,2.9900
5011766010139,0,2.6900
5391517063776,0,19.9900
5391517063011,0,12.0900
5060107332119,0,2.2500
5060107330467,0,1.5900
5060107330764,0,1.5500
5021554986058,0,4.9500
0769562019522,0,5.5800
4016369541029,0,15.4500
8428532230016,0,4.1500
5022339261018,0,13.6900
7330933120104,0,10.2500
5060122250696,0,3.0000
7610313807369,0,10.5000
4026813000118,0,2.2500
5021638100097,0,2.6900
5391517063622,0,7.7900
9004145022928,0,3.9900
5031013105012,0,16.4500
5055052619200,0,4.9500
5015672484480,0,24.3900
5060107331709,0,1.5500
5031013101649,0,21.5500
5014213711122,0,3.0500
26,0,7.5900
5391518580104,0,4.4900
5023580300433,0,8.7000
5011766222372,0,5.0900
7610313303311,0,12.5500
5391517063677,0,7.7000
5391517065435,0,5.8500
5391517065442,0,6.7000
5011766881050,0,2.2500
5012616207945,0,7.7500
9421017760014,0,19.4500
5060003591320,0,42.1000
3291960001269,0,11.6500
5391513420320,0,10.1700
5400313000974,0,4.8500
5060122250689,0,3.0000
8717496900531,0,3.3000
7610313303250,0,10.5000
5023652253094,0,19.6500
5060107331686,0,1.6900
5013455080089,0,5.9500
5013455080409,0,5.9500
5013455080560,0,5.9500
0075119123520,0,3.6500
5017601014768,0,3.3900
2100000000197,0,2.8900
5021807447701,0,23.9900
5022019160204,0,5.7500
5765228128107,0,4.2500
5391505430023,0,3.2500
078522000693,0,9.1000
5060107331099,0,2.2500
5060107332096,0,2.2500
50488759,0,5.9900
5391517060911,0,17.2900
5014653025254,0,2.9500
5390908002066,0,5.9500
6001159111368,0,26.5900
5034511000391,0,5.5400
3917236800533,0,38.9900
5014734000248,0,5.2500
5034938100018,0,5.0700
5060088700693,0,1.5900
76401049526710,0,9.9900
5391517062588,0,2.8400
9332059000115,0,15.9900
7610313810017,0,4.8500
7640104952558,0,3.3500
4001638086875,0,17.4900
0720516020346,0,3.8900
5391518584003,0,5.7500
7610313303434,0,18.5000
5013455080539,0,5.9500
5391513420221,0,8.4900
5013665100119,0,2.0900
4043571360025,0,1.7000
4043571360032,0,1.7000
097467299474,0,25.2000
7610313405121,0,10.5000
5034467000063,0,3.3900
5011835104653,0,3.0900
5032722307667,0,2.9900
5032722307674,0,3.0900
5060042181162,0,36.9900
5391517052411,0,5.2500
5765228154700,0,8.3500
9004145004207,0,3.9900
5013455080027,0,5.9500
5018811000466,0,1.8500
5391517055511,0,9.2700
8014806030026,0,1.9900
5391517063783,0,11.4900
9318690001629,0,24.3900
0078522000259,0,8.0900
5391517063288,0,10.6500
5060122250702,0,3.0000
5022339014010,0,24.3900
5013455080058,0,5.9500
5013455080133,0,5.9500
0033984000506,0,9.3800
5060042181285,0,19.8900
810165014619,0,3.3400
810165014633,0,3.3400
5010822990163,0,2.7900
078522070504,0,9.1000
5011309605518,0,2.9900
5011835104011,0,3.0900
5032722303195,0,2.5500
5029354000189,0,16.2500
7610313807505,0,4.8500
7313112062044,0,6.6900
5425000198031,0,2.8500
5031013101281,0,44.9500
641120195049,0,3.5600
5019205000741,0,5.5000
5013455031333,0,10.5000
5011766777841,0,2.9900
5391517063813,0,6.8900
5391515090422,0,5.6900
00000,0,5.8500
4012824528024,0,3.4500
5017601030836,0,1.6900
0070734055102,0,1.4500
5060073387694,0,2.2900
8018968020413,0,8.9500
8714685003882,0,3.9900
5024121897306,0,5.8500
5391517050592,0,38.9500
4001638097932,0,15.9500
5013455081024,0,7.2500
641120201016,0,3.5500
5022569021215,0,2.5500
7640104950134,0,3.2500
5390908000048,0,8.1100
8711542006284,0,0.4000
5060043610418,0,7.9900
5010665060115,0,1.8900
7610313404063,0,10.5000
0000000000000000000,0,8.7900
9004998900282,0,2.5300
5060101530023,0,13.0900
5391517055757,0,1.3800
5391517060119,0,10.6500
05011766110839,0,29.5500
610074430742,0,3.9500
5391517053562,0,2.5100
31,0,5.3900
5024121608100,0,2.4500
5024121622106,0,2.4500
5032722305700,0,5.0900
610074430759,0,3.2500
5018811001340,0,1.2900
5391517061659,0,3.2800
5391517062564,0,2.0000
5391517061451,0,3.5400
5060088701164,0,0.9000
5060088701201,0,0.9000
5060176390010,0,1.7900
5021638116753,0,2.9500
3304530,0,11.8000
9332059000047,0,10.1200
5391067020632,0,4.2900
5060156850183,0,2.8900
5000477899089,0,4.0500
7610313404087,0,10.5000
033984027145,0,23.2000
4001638099431,0,15.9500
4960485000284,0,3.8100
5032722307056,0,4.5500
5039088110023,0,17.4900
5011835101454,0,3.3500
5029354000233,0,12.5500
5060003596820,0,15.5500
5391515090262,0,5.6900
7640144054076,0,6.6900
5011835104134,0,9.4500
3419390400807,0,4.3500
5016084005225,0,14.0500
5391518529905,0,1.9900
5012335123007,0,5.1500
5012335123809,0,5.1500
5012335125407,0,5.1500
5012335126206,0,5.1500
5012335126602,0,5.1500
5012335100206,0,4.9000
5012335100701,0,4.9000
5012335101203,0,4.9000
5012335101708,0,4.9000
5012335102200,0,4.9000
5012335102705,0,4.9000
5012335103207,0,4.9000
5012335103702,0,4.9000
5012335104204,0,4.9000
5012335104709,0,4.9000
5012335105201,0,4.9000
5012335105706,0,4.9000
4001638097505,0,17.2500
782126003607,0,2.5900
7290011349912,0,4.9500
8018699010172,0,4.9900
9400501003257,0,4.6500
4001638096102,0,17.4900
5013455080041,0,5.9500
5027632000531,0,5.1900
4004148047268,0,12.4500
5391517062908,0,1.2900
5391515090583,0,6.3500
5055131100100,0,12.6500
5391515090347,0,5.6900
5033290590901,0,49.9500
5391500072273,0,9.4900
5391500072853,0,6.9700
5391500071092,0,9.1900
5030131012103,0,2.8500
5012335122208,0,5.1500
5060074021535,0,29.4500
5390908000536,0,6.9500
804345000691,0,2.5500
5391517052336,0,2.2900
5026470555029,0,8.9900
5391517063295,0,20.2500
5031013101236,0,5.8900
5390908007092,0,12.9500
5021554985655,0,7.6900
5032722301788,0,3.8100
50012015,0,1.2900
0657227000506,0,3.0400
5060077680456,0,2.8500
50489275,0,10.5500
3273227083140,0,2.6900
5026470777056,0,9.2900
5013455080195,0,5.9500
5013455080317,0,5.5000
5013455080324,0,5.9500
5013455080386,0,5.9500
5013455080478,0,5.5000
097467299511,0,23.8000
5013455080249,0,5.5000
5013455080225,0,5.9500
5013455080126,0,5.5000
5013455080188,0,5.2500
5011544070034,0,2.4500
33984005587,0,49.7800
5060003593508,0,10.5000
5031013101021,0,9.4000
7610313807208,0,3.8100
850835000665,0,11.7900
5013455080973,0,6.9500
5411188103417,0,2.3500
5022775000615,0,2.0500
5391517061161,0,3.4400
5021991200113,0,1.9900
4006309024187,0,7.6000
5391517052572,0,2.6900
715418070360,0,8.7900
5015285810607,0,0.9500
5013455081017,0,6.9500
32,0,7.0900
5014213711177,0,3.0500
5060235830099,0,5.8900
5391509700078,0,4.6500
5391517063585,0,14.3500
5013636000325,0,1.3900
0070734055218,0,1.3900
5391517050974,0,0.0000
5028816000170,0,2.9500
5016084151281,0,13.9500
5391517063028,0,16.1900
5013548102087,0,4.3500
5031013103094,0,26.3000
5011835000337,0,9.6900
5391517063646,0,7.2900
5031013100017,0,9.9900
5412533001655,0,15.0900
3380380060977,0,3.0900
5391517055467,0,8.7900
619286901040,0,1.9900
5010822990279,0,2.9900
5013455080546,0,5.9500
8901186552548,0,2.5900
5060176390027,0,1.7900
5060176390003,0,1.7900
810165014794,0,0.3500
8901186552050,0,2.5900
8901186552074,0,2.5900
5391517063417,0,9.7500
5391517055177,0,17.2500
5022569080595,0,3.6900
5060204240034,0,2.8500
5013636000011,0,1.1900
5060204240058,0,4.5900
7640104952657,0,3.3500
5021554985112,0,2.0900
5021821004560,0,2.3500
5017601015062,0,3.6500
5060132280621,0,5.3900
5017501009956,0,2.9500
0070734055188,0,1.4500
5017601014751,0,3.6500
5391517052695,0,12.4900
5391517063578,0,8.4900
5390908007108,0,12.7100
50300266,0,2.5500
0061232200354,0,2.1900
5390908007016,0,9.6600
5018190017147,0,6.6500
5034938100032,0,54.3500
5034938100155,0,10.6500
5016860837354,0,2.6900
5014713100105,0,9.2900
5017601016601,0,0.9900
5018190005045,0,3.6500
5034511000230,0,13.4500
5391518580203,0,4.4500
5391518580401,0,4.4500
539151860008,0,3.4500
539151861005,0,4.1500
5391518581507,0,5.5400
5391518580302,0,4.4500
5391518581606,0,10.6700
4001638081863,0,3.9500
5391513420108,0,14.1900
5018190005601,0,2.6900
0033984007802,0,16.0900
5013455142381,0,7.4700
7610313100514,0,9.8000
793573729569,0,4.8500
5013455031340,0,10.9500
5013455031357,0,10.9500
5033290261900,0,12.4500
7640104952633,0,3.2300
5018190017031,0,14.3900
0033984032309,0,25.0200
4004148017711,0,9.3500
0097467045804,0,26.7900
5060002041161,0,10.6600
0657227001206,0,1.8500
5391517052749,0,0.0000
9335805000032,0,2.9900
7313112062037,0,5.4500
5022019160112,0,3.5900
5021991999147,0,2.6500
4062300139008,0,14.3900
5013455080423,0,5.5000
4038375024396,0,1.9900
5391517062250,0,1.8700
5060142010171,0,15.8900
5391723680064,0,30.7900
5391517052855,0,1.8500
801541041008,0,5.0900
5391517063035,0,9.9500
5391521770042,0,3.5000
5016887003015,0,8.7500
9335805000018,0,3.0900
5032722301924,0,4.2900
5013665103028,0,3.3900
5018076100833,0,4.3900
3289070101009,0,3.8500
7935734199757,0,35.5500
3291960007544,0,2.7500
5391517054965,0,40.1100
5018190005090,0,3.8500
5016887003046,0,7.9900
5013387204768,0,3.2500
0033984012806,0,16.9400
5033290756109,0,12.9500
5021991345692,0,4.2900
4001638099004,0,11.9500
5013455080355,0,5.9500
5391517062977,0,44.9500
5018318700579,0,1.4900
5060107771567,0,5.2500
7610313405305,0,17.4500
5411386864547,0,8.0500
077326831472,0,6.0500
5411188095545,0,0.6900
5060107771512,0,5.5500
0078522083153,0,13.2500
5391518583112,0,2.9900
5060107771482,0,5.5500
5391517051445,0,2.9700
5055131100018,0,9.6500
7610313500017,0,10.9800
5011835102949,0,3.1500
5391521770066,0,3.5000
5014734413062,0,5.5500
5391513422232,0,2.6900
5391515090286,0,5.6900
5018811000978,0,2.5500
5391513420146,0,12.9500
5391517051919,0,7.0900
5391517063806,0,7.3900
5391512871345,0,1.6400
7640110704608,0,6.1500
7610313100484,0,7.9000
5019205002363,0,7.6500
5055131100094,0,12.6500
4012359114204,0,3.6500
5021554986171,0,2.2900
5013092001935,0,2.8500
077326102404,0,4.3900
5010246110062,0,3.2900
5021821003457,0,2.3500
5391517063110,0,13.5500
4012359114006,0,3.9500
5032587001281,0,7.6900
5391500073201,0,25.4000
0077326621035,0,7.1900
5031013105777,0,9.6500
078522050056,0,8.0900
078522050094,0,8.0900
9004145003552,0,2.2500
4006309024279,0,7.2500
033984038455,0,13.6800
033984000445,0,36.6200
033984001008,0,13.3600
033984003101,0,7.6100
5060016652223,0,3.0500
5017397077206,0,6.4500
5391517053708,0,3.2600
5032722301351,0,2.6500
5411188511120,0,1.1900
5016084151250,0,5.1500
661176010912,0,13.5900
5016084100654,0,15.2900
666183000451,0,5.0300
5021554986669,0,16.9900
5013455080638,0,6.9500
5013455081000,0,7.9500
5013455081093,0,7.9500
5013455081130,0,7.9500
5018190005663,0,3.4900
4001638088152,0,10.5000
5391513420139,0,12.9500
5391517060553,0,1.8000
5060003591733,0,32.7500
5060003591719,0,32.7500
025638860024,0,4.3900
5018190009173,0,5.1900
5012845032202,0,2.0500
5391517063608,0,7.1900
811639000183,0,2.6900
5013636000714,0,1.3900
2100000000135,0,0.3500
5014618001279,0,3.0500
5014618400508,0,3.4900
5391513420290,0,2.0500
5011835102871,0,3.1500
077326831458,0,6.0500
5710811431089,1,10.6500
5391517065053,1,1.2800
5391517051957,3,1.5800
8901186101135,6,2.8500
50678938,24,2.2500
2100000000036,3,11.9500
2100000000074,3,11.9500
2100000000005,3,11.9500
5060101530269,1,3.7500
715418048062,1,5.9900
097467299948,7,28.2500
5060178270143,7,3.9500
5021554984375,4,3.9900
50584352,3,5.5000
50584338,3,5.5000
50584314,3,5.5000
50584192,3,5.5000
50584178,3,5.5000
50584130,3,5.5000
50584116,3,5.5000
50584093,3,5.5000
50584055,3,5.5000
50584031,3,5.5000
50584017,3,5.5000
50583997,3,5.5000
50583973,3,5.5000
50583959,3,5.5000
50583911,3,5.5000
50583898,3,5.5000
50583874,3,5.5000
50583836,3,5.5000
50583775,3,5.5000
50583751,3,5.5000
50583737,3,5.5000
5060178270082,3,4.3500
5013455080072,1,5.9500
5013455080270,1,5.5000
5013455080645,1,7.9500
5013455080706,2,7.9500
5013455080713,1,7.2500
5013455080737,2,7.2500
5013455080744,1,6.5000
5013455080751,1,6.9500
5013455080676,2,7.9500
5013455080812,1,6.9500
5013455080881,1,6.9500
5013455080928,2,7.9500
5013455080942,2,7.9500
5013455081048,1,7.9500
5013455081109,2,6.9500
5013455081123,2,7.2500
5013455081161,1,7.9500
6141840000530,3,5.9500
6141840000547,5,5.9500
6141840000578,4,5.9500
5390612002857,1,12.8500
5390908000635,2,5.0300
5390908004169,3,3.9500
5390908000468,3,9.7900
5390908000840,4,5.2500
5390908000857,4,3.9500
5390908000529,2,4.9500
5390908000543,2,6.9500
5390908004213,4,8.9900
5602353905466,3,5.5500
4004148013188,12,2.4000
5021859140216,2,8.2900
7610715195811,3,15.7500
5055131105181,2,4.5200
725390001030,8,2.4300
8024457103321,5,5.2900
8024457106063,1,34.0500
50583690,4,5.5000
50583799,6,5.5000
50583935,3,5.5000
50583614,3,5.5000
5060003593072,5,14.8000
5060003593126,5,12.4500
5060003593805,2,9.2500
033984011878,2,22.2300
033984020665,2,45.3800
033984029507,5,9.7100
033984036031,2,27.2200
033984010703,6,18.8000
5031013100857,3,6.2900
5031013100185,3,5.0900
5031013104275,3,25.0900
5031013102479,2,21.9500
7391325333380,3,14.9900
5391500077803,3,21.9900
666183000345,3,8.0800
5060086380194,2,32.5500
50762460,3,7.9500
5060086610116,3,6.9500
96047835,3,8.2500
5060203792022,3,28.9900
7610313807604,3,4.8500
7610313404179,2,15.9500
7610313303489,3,10.5000
7610313404186,3,10.5000
7610313606924,3,14.4900
7610313404025,3,18.5000
7610313303083,3,10.5000
0078522007043,3,9.1500
4001638097062,3,7.9500
4001638099165,3,11.9500
666183000314,1,7.0900
666183000376,3,7.0900
782126003072,15,2.3900
078522070535,3,9.1000
078522070528,2,9.1000
4001638096539,1,10.9500
0725390001009,3,7.0900
5391517051162,3,2.3400
5391517052299,3,1.1000
7640104959533,4,3.2500
5014271320427,5,3.0500
5014271380421,5,3.0500
4001071430013,4,5.7800
4018639008959,2,22.7500
7330933140546,9,10.9900
4971871101010,9,8.5400
7330933031356,2,9.9900
5034511000711,3,24.1900
5034511000766,4,17.4900
5710811024939,3,7.7900
5710811025080,1,15.7500
5710811430204,4,14.5500
5710811430211,2,15.9500
5021554984399,0,4.3900
5013665111030,0,2.0500
2100000000012,3,11.9500
2100000000029,3,11.9500
2100000000050,3,11.9500
2100000000098,3,11.9500
2100000000104,3,11.9500
2100000000111,3,11.9500
4001071440012,3,6.5900
5012246039664,0,2.5500
5031013105760,3,28.3900
5017601015123,1,56.6700
8711823076609,0,1.6500
5013665111016,0,2.0500
5011766010153,0,3.0500
5013455080232,1,5.9500
5013455080447,0,5.9500
5013455080102,0,5.5000
5013455080454,0,5.9500
5013455080775,0,6.5000
5013455080768,1,7.9500
5098823000012,6,19.9900
5098823000029,9,19.9900
8901186101340,3,2.8900
725390813732,12,3.7900
5391517053357,0,2.5100
5391517063554,0,7.1900
5390908000246,3,5.2500
7640104950370,1,3.2300
097467299887,2,15.9500
9403067170029,2,27.0000
7330933140584,4,11.0900
687735998125,4,12.9900
5391517698336,9,3.6500
5032722306455,5,3.0500
793573606938,0,6.5900
2100000000067,2,11.9500
666183000338,3,14.1900
8901186524019,1,2.8900
42,1,15.0000
033984026216,0,15.9700
5099877228650,0,8.6500
5060178961010,0,6.1900
5034511000155,3,20.1500
5391517051674,7,5.5100
5412533001532,7,3.0500
5013455080584,1,5.9500
7610313315260,3,12.6000
5391517061789,0,2.2200
5391517062120,0,2.5500
5391517053968,0,3.2300
5391517061918,0,2.5500
5391517063714,0,14.8500
8901186516069,4,9.1500
5391517050134,3,3.2700
2100000000302,0,3.4500
729440518882,0,11.7500
729440518530,0,3.1500
033984021709,3,10.2500
729440518905,6,6.9500
729440517793,0,9.8000
5014213711160,6,3.3500
814547012576,1,14.1900
850835000603,3,10.0500
5032722312531,0,2.6500
5050665010192,0,2.3900
4001638093934,2,13.9500
50583591,3,4.9500
50583638,3,5.5000
50583713,6,5.5000
50583850,3,5.5000
50584154,3,5.5000
50584215,3,5.5000
50584253,3,5.5000
0097467029583,1,15.9500
0033984005211,0,15.7300
5031013105722,0,24.9900
4001638086004,0,16.9500
0077326624036,0,7.1500
5010822110424,0,2.9500
5011273002405,0,4.3500
5391517696295,0,4.4900
5391517696301,0,4.4900
5013455080836,1,7.9500
5390908004015,2,6.9500
5034511029019,3,12.9500
814547010626,1,14.1900
5098823000128,3,29.9900
5018810015003,0,1.9900
5391509700146,0,9.5500
41,3,15.0000
5060053022225,2,26.5900
5390908000260,8,4.5000
4012359142009,1,4.0500
5391517051889,3,0.9000
5602353904292,0,8.2500
5391517062335,0,5.7300
8717496903990,7,2.7900
5391517052480,4,1.4600
5018811000480,0,1.9900
5391517696325,0,4.4900
6141840000554,3,5.9500
6141840000585,3,5.9500
6141840000622,3,5.7500
5029220908298,0,1.9900
097467299849,0,14.4000
5013455080522,0,5.9500
5026180063180,5,3.8900
614184000819,7,5.9500
5391513420092,0,10.4900
3289070104000,2,4.2500
5391517050035,3,1.4600
5391513420115,0,12.4500
7610313411016,4,5.9900
5390908000291,2,7.9500
708002205262,3,4.3500
7610313500031,1,5.4500
5000488000269,6,9.0500
5021807447305,6,17.9900
3291960001252,3,8.9900
097467299702,3,14.4000
5391517063592,0,26.3900
5011766010184,0,3.6900
5391517052596,2,2.5000
5425000197164,0,2.7500
5391517051520,2,2.6900
5014713200102,1,9.2900
49,-1,4.0000
5391517050639,6,2.4900
5391517050523,2,1.2900
0708002410727,0,7.3900
0708002400711,0,7.3900
0801541080434,2,2.8500
5060148520100,3,14.9500
666183000598,4,14.1900
5019124020462,0,5.1000
792850145009,6,3.9500
50583577,2,7.9500
5391517051414,3,1.3600
033984002807,2,7.8400
033984036673,6,30.8100
033984039711,3,16.2200
5034511005006,0,12.8600
5060178270310,2,17.7500
8901186101678,4,2.9500
5021554986683,0,28.7500
0070177085322,4,4.3900
6141840000523,4,5.9500
9004145004559,0,3.1500
6141840010263,7,8.9900
078522000150,3,8.0900
7610313405206,3,8.5900
5022339160014,0,9.2500
5391500075137,6,14.9900
9318690000622,6,26.9900
5014734795175,0,7.4900
5391517051810,6,1.0500
3291960011732,3,10.9900
5010338223601,7,2.9500
5021554981602,7,3.9500
729440518929,1,6.9500
033984034617,3,12.0900
5391517062960,0,53.2500
4012824528574,3,2.9500
5010651001115,4,2.1500
5391517063509,0,74.4800
5021554988069,4,5.7900
5016786030006,0,3.0500
5032722307322,0,8.2500
5390908002165,8,2.2500
033984022058,7,20.4600
5391515090385,0,5.6900
0078522000099,3,8.0900
5060074021238,2,14.3500
5999881507010,2,31.9500
5391517051438,1,2.8100
5060178270006,1,18.3900
9318690004620,5,26.9500
0978095362221,6,6.4000
7610313810031,0,4.8500
5032722306189,5,1.1900
8032891760123,3,1.9900
5052275000624,0,4.6500
5034511029026,3,16.1500
7394376614552,0,2.6500
5391517050059,3,2.1800
4010160055631,0,20.5000
5391513420023,0,11.9900
5391517052992,1,5.9100
4006309024361,2,6.9500
5032722302792,0,3.3900
5391517051773,2,1.0300
5018190017048,3,6.1900
8901186101715,5,2.8500
5710811430228,3,14.0900
5000488104479,3,7.9500
5390908000147,3,21.9900
0033984016002,7,13.2300
801541071005,0,5.4900
8901186101159,6,2.9500
729440517243,3,9.8500
729440517304,0,7.1900
5391512791650,2,1.9900
609722716628,11,3.9500
96032886,3,10.8500
5060003593157,6,10.8500
5060003593850,9,11.6000
5013455081031,1,7.9500
5013455080669,0,7.9500
687735996121,1,12.9900
4026813000255,0,3.3900
5013007024370,3,11.0900
8901186101227,5,2.8500
0000093468282,3,9.6900
0000093468145,3,9.6900
8901186101265,3,2.8500
0000093468305,3,9.6900
5011308001953,6,3.3500
7330933140553,2,11.0900
5015672488013,0,11.4900
5013455080218,0,5.9500
725390830586,2,7.5000
5022775000240,0,1.3900
8850282391011,0,6.7500
666183000109,0,7.0700
0078522007050,3,7.1500
5060203790196,3,10.0500
7610313405039,6,12.9000
5013455061002,3,8.9500
50583652,3,5.5900
5032722306615,0,3.5900
5016429310076,0,15.6200
700596001053,4,33.6500
5412533001556,3,4.6300
5021554985884,5,2.7500
5391509700054,0,4.1500
097467299214,6,10.9500
0097467459212,0,26.7900
5391517056051,4,3.8500
5034210521302,15,5.2500
5034938100476,5,3.3000
0708002400438,0,7.3500
5022339628026,0,24.9900
5032722306011,5,3.4500
5390908004220,2,8.0900
5390908000017,2,5.2500
078522000808,3,8.0900
4043571300007,2,7.0900
7610313530014,2,8.5500
7610313807628,3,4.8500
93468237,3,10.0900
5021807443260,6,9.2000
5391513420085,0,11.9900
4001638080316,1,12.9500
3289070108008,3,5.1500
5032722304932,8,2.9900
5391517051193,0,8.8200
5412533002133,1,27.2500
5412533004601,1,48.9700
5412533007152,2,45.9100
5023762024874,1,4.7500
058449860198,2,4.4900
5201051001076,7,3.0500
5391517051063,0,1.9200
5391517051827,0,3.8600
7330933150170,4,12.4900
5014213001049,0,7.3900
0811639000206,5,2.5900
5021554980049,6,8.8500
5391723680040,11,18.1900
5014213000301,3,3.3500
0720516021008,5,4.1500
5017601005452,9,1.7500
5017601105015,2,1.6500
0725390609045,3,7.7500
5021991999161,6,3.1900
5031013103353,0,21.4900
5391517054309,0,3.8100
5029354002671,0,7.8500
5000488201383,3,11.7500
666183000390,14,2.9900
0708002400230,3,7.6200
4012824400597,6,3.1500
5032722305809,7,4.0900
661176010042,0,14.0900
40,1,15.0000
8024457102430,3,18.3500
5400313002534,2,4.1500
4005514174038,13,4.3500
539151856001,4,5.0500
3380380047060,4,3.2900
5391517053661,4,1.3600
5013455081079,0,7.9500
0720516020162,1,3.5900
5391519440056,0,2.3500
0033984017917,7,26.5500
0033984041844,1,13.3500
033984005747,1,26.4900
628586630499,2,9.4500
0078522070092,3,8.0900
5012335003309,2,8.2500
5029354008444,2,9.5200
5031013103742,3,11.8900
5390908000475,4,9.9500
729440519841,2,8.4500
7610313808212,3,9.0000
8016887000059,1,9.8900
2100000000180,0,1.4500
5011308000406,8,3.3500
7640104957522,7,2.5500
8901186101371,3,2.8500
8901186101418,4,3.0500
5023762024881,7,4.8900
5026470777001,3,8.3500
5391517051018,4,1.9000
5391512790110,4,5.5900
720516021879,0,2.9500
7610313411566,2,14.2000
5391513420122,0,12.9500
8901186101104,6,3.0500
8901186101289,4,2.9500
7640104951384,5,3.2500
5030131120136,10,2.8500
5391517051285,5,1.0700
7610313807574,0,4.8500
097467299412,3,9.7000
4043571301011,2,25.1500
5025452000007,3,7.9500
5031013100772,3,5.3000
782126001009,4,4.2500
078522090250,3,7.1900
0804345000394,12,4.0900
5391517062687,6,2.5500
9400501003332,2,24.2500
729440518912,4,6.9500
5391517052077,4,1.6200
4001638099349,3,18.9500
50583676,6,5.5000
50584291,3,5.5000
792850130005,10,3.9500
9421017761943,2,15.9500
9421017761950,2,15.9500
5391512791322,5,2.9900
5391512791308,11,1.8900
5011308002301,7,3.6900
5412533403817,8,7.4900
4001638080309,0,18.9500
50012213,0,3.3500
5018190005564,0,3.5500
5013455181120,0,7.2500
7610313131495,0,9.3000
5014271310428,2,3.0500
7610313301171,7,18.5000
5391517062670,0,3.7100
5014271796147,2,2.9900
0025638610049,0,10.4500
5011308012010,4,2.2500
3291960011015,3,13.9900
033984003804,3,13.0400
5031013100284,3,8.4500
50763917,3,8.3500
50764082,2,16.5900
7610313304554,4,7.0000
3917236800540,6,24.0000
5017601005582,3,1.6500
0000093468213,3,10.0900
5032722302228,6,2.8500
7391325333342,3,16.6900
5391500070019,4,25.9900
5391500070026,3,14.9900
5391500070033,3,21.9900
5391500070859,3,25.9900
5391500077797,4,9.9900
5010651003515,4,2.3900
5060098300142,2,5.6900
5390908000109,2,5.2500
5024121881305,4,3.2500
9335805000384,8,2.8900
5391515090309,3,5.6900
8024457103314,1,11.2500
8024457103659,3,25.0900
8024457103673,1,21.0500
5021554987581,3,4.9500
5010338223588,4,2.9500
5020982000015,5,5.1500
741273030850,0,4.9900
5032722313224,6,2.5900
076314302017,3,19.0900
6141840000677,0,5.7500
9335805000025,0,2.9500
8886303245315,0,4.6500
5021554980032,4,13.4900
4001638088084,9,16.9500
5013455081147,0,7.2500
5391517051391,2,1.2900
5391517063691,0,24.0500
5390908000215,3,7.9500
4010160055624,0,9.2500
5013092009061,5,3.9900
5391517055504,0,17.8500
0078522000952,3,8.0900
5031013100178,3,18.2900
5031013100796,3,14.1900
5390908000086,3,7.4900
7610313303441,3,10.5000
7610313303571,3,10.5000
8024457103895,0,29.7800
50764198,3,11.3900
7610313500024,3,8.5500
9335805000056,8,2.9500
5391517065039,0,6.5400
5391517062991,0,23.5900
5391517063103,0,7.5500
5391517063165,0,32.5000
5391517051476,2,1.8800
5060003599173,0,23.8000
5014271400426,6,3.0500
5034511000353,3,20.9500
708002205293,3,5.5900
708002207747,3,8.9500
9004145002098,3,3.3500
653783000295,7,2.2500
058449771715,11,4.4900
5060014400062,3,2.5900
5411188108382,6,2.2900
9004145004542,0,2.9900
5391517050769,4,1.0500
5391517052435,4,1.4500
5017601016564,0,7.5900
5099682444498,3,3.1500
5391517053654,5,2.5100
0811639000091,4,2.7500
5021991999710,5,2.5500
5060138630918,4,26.7900
7622210171436,0,9.2500
097467307117,4,43.9500
5060003593300,7,7.8000
5391500071269,3,23.9900
5391517061932,3,6.0900
5060003593652,9,35.3500
4001638098014,6,5.9500
5023762024867,6,4.8900
5028816000064,3,5.6500
5391517052688,4,2.4900
7935734199429,1,18.8100
5011755110579,0,24.1020
05011766110624,0,20.3500
7610313303182,2,10.5000
5031013104671,0,14.0500
5026180063173,4,3.8900
4012824401723,3,2.9500
5011308000208,3,3.3500
5060003591122,12,27.4000
9403067170159,1,27.0000
5060003591603,7,12.9500
5060003592631,6,13.6000
5060003592624,12,23.5000
0654749453865,3,12.4900
5022339223016,1,19.3500
5060039490147,2,7.1900
5060203790684,2,23.4500
5390908000413,4,5.2500
978098362221,2,7.1900
5019205001540,5,3.5000
5060003593607,8,16.1000
661799764148,5,5.2900
5060003592952,5,13.6500
5060003593201,3,8.9000
5060003594758,2,13.2000
5032722302990,14,1.4900
5391517052138,4,1.6000
4012824400900,7,3.9500
609722889780,0,3.3900
5034511000926,2,20.9500
5392000021709,2,32.2500
708002107153,3,8.7500
8901288210858,6,4.7500
666183000307,0,8.2900
6141840010478,5,8.9900
8901186101043,4,2.8500
814547010077,1,9.1500
29,0,8.3500
8901186101142,5,2.8500
5098823000098,5,11.9900
5021991933035,7,2.5500
5021554985747,2,6.1900
8901186101449,5,3.0500
094922743558,12,17.3900
614184000703,3,5.9500
614184000710,6,5.9500
614184000741,3,5.9500
614184000772,3,5.9500
614184000789,3,5.9500
614184001052,6,8.9900
4004148013058,9,2.5000
5014213001278,6,3.4900
5391517050325,8,3.3000
5391517062342,0,6.4900
2100000000296,9,7.3900
5060065060017,6,3.3500
5703538109461,3,10.0500
6141840000608,2,5.9500
6141840000639,2,5.9500
5029354000271,3,7.3900
5029354002640,3,7.8500
5390908000314,4,7.9500
729440519940,3,9.4500
7610313303113,2,10.5000
7610313425556,3,2.5500
7610313807154,2,6.9500
0000093468220,1,10.0900
5014271795263,8,2.9500
5019205000680,3,7.4500
5060043610548,3,7.9500
5060184240079,4,12.9900
5391517051186,4,0.6300
8901186101173,7,3.0500
6141840010065,11,8.9900
5021991100048,3,3.5900
782126002020,12,4.1900
9004145006911,3,3.9900
5391517051506,2,2.1700
5391517051698,4,1.3200
3516664510009,14,1.6900
0839351003305,3,1.6900
4001638088169,3,10.2500
4001638097499,3,12.9500
4004148013195,3,2.2500
5013455060104,3,8.9500
5013455060364,3,8.9500
50584239,3,5.5000
50584277,3,5.5000
5390612002802,1,6.8500
5390612008316,3,4.7500
9400501003240,6,5.9900
4001638096560,3,12.3500
5065000523893,3,11.1500
5032722304451,6,1.8500
5390908004244,2,6.2500
33,2,20.9900
4004148057069,2,10.7900
5011766888981,14,2.4500
5060216560151,2,10.2500
8901186101258,6,3.0500
0708002400421,3,7.4900
708002400117,3,7.4900
708002400124,3,6.8900
5029396738576,3,1.9500
5021991000553,0,2.6500
5391517065404,11,5.7700
5060107330306,5,1.3900
5060107330214,3,1.3900
770009010484,7,2.0500
5014213711344,4,2.8500
770009260018,4,3.6500
5390908000888,3,5.2500
782126003409,10,3.4900
5412533403800,0,47.5900
7610313414802,6,9.5500
5021991200069,4,2.4900
5391517063370,0,9.6500
7330933188975,3,16.0900
5060010690399,4,4.0900
5013665107224,0,1.3500
5022775000226,0,1.3900
4004148013119,5,2.5000
5391500070811,4,21.9900
5390908000321,4,7.5000
5021554981473,6,7.7500
3431590000403,5,5.8900
5013387422117,4,2.1900
5060003596066,4,10.7500
0708002400223,3,7.4900
5060178270136,7,3.7500
5391517052329,3,1.3900
7330933031332,4,11.3500
8901186101357,4,3.0500
5012335216303,3,9.8000
5022339262015,2,28.7900
5029354001254,3,5.3900
5031013100970,3,8.5500
729440519643,3,7.9500
7391325999906,3,11.8000
7610313303403,3,10.5000
7610313807048,3,9.9900
5060003591115,11,19.2000
5032722308367,3,2.8900
4012824500341,6,3.1500
5060003593454,5,8.5000
5390908007078,7,9.9500
5060003593560,4,9.7000
5000488108590,0,5.9900
5016084355184,5,2.6500
4004148017179,6,11.9900
5012246022628,2,3.4500
4004148043116,2,2.2500
5030131120099,2,4.0500
5021554970019,1,2.8900
3057640100673,24,0.8500
50012244,7,3.4500
3380380062025,5,5.2900
3291960006127,3,4.9900
3760087900309,3,9.9900
5391517062144,5,2.3600
5391500070828,3,25.9900
9318690000219,2,12.9500
5390908000055,3,5.2500
0020188050185,3,4.1900
0661176010097,3,13.5900
0850835000016,6,2.9900
4012359130006,3,4.8900
5010338015817,14,1.6500
5013092004202,8,3.6500
5029354005078,3,3.9900
5032722302082,7,3.8500
5034511001817,3,26.5500
5060107330245,8,1.3900
5391517050844,4,2.1200
5391517052930,7,2.9600
5412533140408,8,2.8900
5021554000433,0,5.2500
7610313405060,1,10.5000
5012845032028,2,2.2500
5022569080229,0,2.5900
5390908000871,3,5.2500
5390908000130,2,5.2500
5011289001669,4,6.8600
5391517052190,6,2.9000
5013665101550,6,2.0500
5060132280904,4,4.6900
5031013104558,1,12.5900
5391517062311,4,9.5400
5060003593904,7,11.2500
5014312310202,0,8.8900
5060003592648,5,35.9000
5391517062113,5,1.6200
5012616207648,0,4.7900
5021554985860,2,3.6500
5391723680026,0,13.9900
700596000612,12,1.2500
5016887003503,3,6.8900
5032722308824,4,6.7500
5014213000929,6,3.8900
5010651001313,9,2.3500
0661176010028,3,14.0900
5032722305984,6,4.3900
5391517062755,4,2.9500
5412533000085,0,18.3500
0070734053177,7,3.0900
5018190017000,4,5.7900
5014213001063,0,7.3900
5055052606897,5,7.1500
5060178270105,4,3.6900
025638880022,2,4.8900
5011766666619,7,3.4900
5032722304888,5,3.9500
5010651001412,6,2.0500
3431590012550,7,5.5500
5391517051902,4,0.8700
5391517062618,3,2.4400
6141840000660,3,5.7500
6141840000653,5,5.7500
7330933244367,4,12.4900
5391517062328,5,9.4300
5391517052176,2,1.8600
0078522000198,3,8.0900
5012335294004,1,9.2000
5012335314207,4,5.9500
5029354010454,1,12.5500
5031013100130,3,8.2900
50764754,3,10.9500
50764938,3,9.3500
6611760119266,3,13.2900
729440519759,3,7.9500
7610313100606,3,16.1500
5032722302235,6,1.3900
5391500070705,3,29.9900
5000477029967,5,6.6900
729440517380,0,2.9500
5391517053036,4,2.1900
5011835100532,6,2.5900
0061232201047,10,2.5500
0661176011353,3,14.0900
5021265221073,3,18.6500
5060086610062,3,6.5900
5391513421129,7,3.0500
5391517053982,8,4.2800
5391517061970,7,2.5700
661176010059,3,14.0900
661176010103,1,14.0900
700596000056,1,24.6500
770009250262,2,5.1500
5000488108538,5,8.9900
5050665010215,0,2.3900
5391517063394,0,9.6500
5391517053098,3,2.0100
5391517062557,4,1.6400
5391517061055,3,2.8700
5391517052039,2,1.3100
5391517050172,4,0.9600
0078522021230,0,12.1500
4006309024453,3,5.9500
5391513420184,3,3.0500
065378318935,4,2.5500
3348070011876,2,8.8900
661799764117,4,5.0500
070734000034,3,3.1500
4001638096621,11,8.9500
782126008008,12,4.3900
5391517050806,7,1.0600
5034210210015,8,4.9900
5391517050196,3,1.7900
7618500940257,2,5.6900
5021991200137,6,2.4900
5391513420832,4,3.0500
5391517052619,2,1.2900
5391517061390,5,3.6700
0097467299580,2,19.6500
0097467299986,5,9.9500
097467299030,3,18.0900
097467299481,3,26.4500
097467299504,3,9.2500
097467299542,3,8.3500
097467299641,3,18.5000
097467299696,1,19.9500
097467299740,5,14.4000
097467299801,12,14.4000
5027314502629,0,17.9500
6001478058054,6,6.2900
071567991902,16,1.8500
5013665101420,3,2.0500
3273227083324,3,2.7500
5014213000516,6,7.3900
7640104957553,10,2.5500
058449890485,9,5.6500
5013665101246,8,2.2500
039978616425,5,4.8900
0708002400513,3,7.4900
5010058089723,2,18.9900
5014271794181,7,3.0500
5021991000119,8,3.4900
5032722304802,8,1.7900
5034511000797,2,22.3500
5391517052404,8,1.0500
5391517062380,8,3.5400
5412533007176,2,70.6200
770009001147,3,3.6500
9400501001215,6,14.0500
850835000702,5,2.9900
5391517054859,5,2.4200
5018190017017,1,13.7000
5018190017116,0,14.4900
5060178270099,4,3.2900
5017601030478,12,2.1500
705105035109,14,3.9500
782126003096,15,2.9500
5391517052152,3,1.7900
729440519599,5,6.9500
5391517061697,6,3.2700
5032722308244,5,1.3500
5011835100853,4,5.1900
5060011810499,12,0.5500
5391517055566,4,2.8700
4012824400542,2,3.0900
5391517052701,13,1.2900
705105035000,8,3.9500
5391517051926,5,0.9300
4001638098595,5,11.9500
5391517061222,6,2.7200
5029396212359,8,1.9500
5014734592101,4,2.7900
5391517050363,3,4.0500
5391517051971,3,1.2400
5032722305816,3,3.3900
5060005460518,3,3.2500
6412500079372,29,0.6900
033984000148,6,11.9500
5014271797120,2,4.0500
5060003595052,2,12.1500
5010338223502,5,3.3500
5060088702703,7,3.4500
5014271795850,4,2.9500
5060003592501,10,9.3000
5411788003629,7,5.7500
061232202556,8,2.5500
5391519440049,6,2.6500
5391517056181,4,1.8000
5029354002695,5,9.1500
5024121222207,4,3.2500
9004145002586,3,2.2500
5391509700030,8,4.9900
5391517052886,3,2.2400
5391517054293,4,8.7300
5391517050707,3,2.5700
5029220908397,3,2.0500
0078522000051,3,8.0900
0078522040125,3,11.1900
0078522301936,3,9.0900
4010160373612,3,27.7500
5000477030963,7,14.1900
5022339332015,3,13.7900
5022339814016,3,13.8500
5029354000196,3,8.9900
5029354004866,3,12.5500
5031013101243,2,13.9900
5031013104664,3,6.0500
5032558000022,4,3.4500
50477944,3,4.1900
5060142250027,1,19.4000
5390908000116,4,7.9500
5390908000222,4,5.5000
5390908000253,3,6.4900
5425020401630,3,24.9900
6141840010379,3,8.9900
729440519698,2,7.9500
729440519742,2,6.4500
7391325633336,3,29.9900
7610313201099,2,15.9500
7610313202225,3,15.8000
7610313303137,3,10.5000
7610313304578,3,12.9900
7610313807147,2,4.6900
7610313807253,1,10.9000
5022339186014,3,10.6500
614184001076,5,8.9900
5013665101581,11,2.0900
5027556684909,6,1.9900
5055052620510,5,4.9900
5032722301252,5,2.5900
8901186101234,4,2.8500
5390908000338,2,7.9500
801541070435,7,2.9900
5390908004039,1,6.5000
5390908000208,2,7.2500
5032722308251,3,1.6500
8712439035103,6,10.5500
5391723680019,3,8.3900
0033984041622,0,37.3500
5391517061376,3,2.2800
5018076100239,8,2.6900
5060123608953,9,2.3500
5098823000081,3,13.5000
5391517054873,4,1.7300
5032722302068,5,5.0500
5021991245572,2,5.4500
058449771890,4,5.4500
50488780,14,7.2500
0000093468152,3,10.0900
0018787762165,3,10.2900
0708002400537,3,7.0500
4004148057076,3,12.0500
5010801000098,14,3.4900
5016912051158,6,4.6500
5021991888168,8,1.9900
5032722305144,7,6.8900
5032722313712,7,4.7900
5034511000070,3,26.5500
5060184240017,7,3.3500
5060184240024,7,3.3500
5391517050097,4,1.8800
5391517050509,8,1.1100
5391517050660,2,1.6200
5391517050721,8,0.9100
5391517051711,4,1.0500
5391517051797,4,1.2400
5391517052541,3,1.9800
5391517061123,7,7.2800
5412533004458,13,2.3900
770009250330,9,6.7500
851952000095,8,1.9500
5018420821056,5,2.8900
3431590000441,3,5.8900
5010338022402,9,2.2100
5032722301320,4,1.4900
5060298880024,1,2.7900
5060132280881,6,5.7500
5014213711139,6,3.4900
3348070011869,2,8.8900
8901186101401,4,2.8500
5060123608786,4,1.9900
5060062997828,3,7.4500
4001638096515,4,8.9500
0770009010200,5,5.2500
4001638097079,10,10.9500
5391517050288,5,1.5100
6001478058061,6,3.2500
5014213000943,4,3.9900
5391500070842,2,22.9900
0070450113278,6,5.1900
5060011810505,31,0.6900
725390417985,4,5.2900
5391517062199,6,2.8800
5060098300012,12,5.3900
5412533006018,11,4.9900
6424100011782,12,1.8500
5391517055283,0,6.5500
5391517065206,0,7.4360
5391517062571,10,2.0900
5060003592051,0,6.1000
5011766010061,5,2.1500
5060142250041,4,21.3900
5034210210213,3,2.7500
065378319932,5,2.8900
5016084293660,11,2.5900
5391517061994,2,9.9100
811639000022,3,3.1500
5391517051124,6,1.1100
4012824400207,4,3.1500
5032722302754,4,1.4900
5032722306622,4,1.7900
7394376614545,13,2.3500
5034511000742,3,23.7500
6141840000592,5,5.9500
5019205000987,3,8.9500
5060105190001,4,3.9500
3291960001498,3,5.4900
9004145007147,3,2.2500
5400313600013,3,3.3500
5060132281130,2,3.4900
9004145007321,0,2.2500
814547012538,0,9.1500
5391517061321,5,2.2300
5391517050547,5,1.1400
074305001161,4,4.0500
0084253333122,14,2.3900
5022817109818,13,14.8900
5032722306547,7,4.7900
5060184240000,6,3.3500
5060184240451,6,2.6900
5060184240468,7,2.6900
5391517050110,3,1.3100
5391517050455,4,2.0100
793573669872,3,9.9900
5411188511328,8,1.1900
5013665103554,15,2.1500
898999030005,12,3.5500
5060003591504,1,21.5500
5011273040339,3,5.1500
5024121828300,8,5.1900
5060107330740,4,1.3900
5060107330788,3,1.3900
3289070102006,5,4.1900
5391517050400,1,0.8000
3291960010247,3,5.9900
5032722307186,5,3.7900
5391517050424,2,0.9400
4012824401167,3,3.0500
5412533001921,4,9.5900
5012246022338,3,4.7900
9004145002999,3,2.2500
5021554002215,3,4.5500
5060003595007,2,13.9900
5018811001050,2,2.6500
5032722302921,6,1.4900
5391517698114,8,3.6500
5391517698190,0,3.6500
5391517698107,2,3.6500
5060065060048,8,3.5500
5060003592600,8,9.0000
5021991937248,7,2.7900
5021554984450,11,1.6500
0075172079123,13,1.9900
9418315123726,15,3.6500
5011428300028,3,2.8500
5391517063639,1,18.3900
5391517054217,6,2.9900
5011766010146,5,3.0500
5412533403374,0,14.8900
5412533004335,6,4.1500
5021554000884,5,7.5900
614184000857,2,5.9500
5014271340425,2,2.8900
5021554981534,3,8.4500
5010651001214,2,2.2900
5011766010047,6,1.8500
5391517054811,6,2.2200
5390908000796,2,4.5000
48,2,14.0000
5011766010115,3,2.1900
5018076100253,6,2.8900
5391517051308,6,1.4600
5391517053906,6,1.2600
5391517054613,3,1.2400
5060204240072,4,4.7900
5391509700047,7,4.9900
5032722300583,10,1.5500
6410500090014,6,2.3500
0720516022050,4,3.1500
5014271794013,3,2.8900
5065000523909,3,2.9900
5014213200725,3,4.1900
5023762000700,9,4.8900
025638890021,2,4.8900
6141840000646,4,5.9500
5060088701669,6,1.2500
5060088701829,17,1.2500
5000477010101,5,9.1500
5098813201009,0,1.2900
5391517061819,1,2.7400
5391517054392,7,4.0800
5032722313590,6,8.0900
9318690000615,4,16.9900
5391517054842,5,6.8900
653783000097,3,2.8900
5391517054897,10,1.4900
5014213008024,3,3.5500
5060088701966,18,1.2500
5032722307339,4,7.6900
5060229011138,4,2.9900
5390908003766,3,3.9500
5032722307421,6,3.7500
5391517064377,4,2.8300
5065000523145,6,2.9900
5032722301665,6,3.3500
5010338223571,5,2.9500
666183000406,9,15.1900
9312331002105,45,0.6900
5060003592525,9,22.2500
5391519440032,5,2.6500
0078522021056,2,12.1900
5050665010178,1,2.4000
5391517062489,5,2.3400
5032722305953,5,2.5900
0666016444001,13,1.2500
5060203792008,2,26.3900
9318690000226,1,22.9000
5391517061611,8,5.7700
5391517061734,2,2.6500
5400313600006,4,3.4900
5019503002157,0,4.3900
7640104952510,6,3.2500
5013455080621,1,7.9500
5013455080720,0,7.9500
5013455080874,1,7.9500
5013455080959,0,7.9500
5411188083177,19,1.4900
5021554001065,2,5.1500
8901802001023,5,2.1500
5060003599654,0,9.2600
782126009005,8,4.4900
5011835102239,10,4.6500
5011835102215,6,3.4900
5703538109546,3,16.4900
5391517053647,6,1.4100
2100000000081,8,11.9500
5031013102981,2,18.8900
5060283760003,11,1.0900
5412533003925,5,4.2900
5391500076820,3,44.9900
5290035000518,10,1.6900
5391517062731,5,5.4900
5014271390420,2,2.9900
5391517061703,6,5.4700
4026813420015,0,5.1500
7610313424993,0,17.0000
5021554000747,0,6.4500
5391517050387,4,1.1100
5018076100697,9,1.8900
5018076100154,11,5.8900
5016084235516,4,3.2900
5391517051087,4,3.0500
5391517062656,1,2.1700
5032722301030,6,1.9900
5391517055573,4,3.3200
4001638099271,7,10.9500
5029354001230,2,5.3900
5032722301054,5,2.9900
5021554985266,11,1.6500
666183000550,6,14.1900
5391517050684,3,0.9100
5021554985389,2,4.9900
0708002400520,2,7.4900
8717496905109,10,2.1900
5016887003060,6,7.6900
8901186101555,5,2.9500
8901186101333,1,3.0500
5391517065015,4,2.3600
074305000164,6,6.7900
5032722305823,6,3.3900
5391517062182,4,1.6200
5391517062519,5,2.6100
5391517055856,6,5.3300
5391517054903,7,1.2300
5391517053555,6,2.2300
5017601013419,9,1.6500
5013665103134,10,2.0900
850835000498,4,2.9900
898999000206,2,2.1500
0078522000990,3,8.0900
0078522007012,3,8.1500
0078522021100,3,12.1900
0078522021131,3,12.1900
5000488104486,3,10.9500
5011835101690,12,3.1900
5021554000464,7,11.9900
5022339035015,3,5.4900
5029354010355,3,5.3900
5031013100536,3,13.6500
5031013100819,3,5.3500
5031013101038,2,10.4900
5031013101113,1,8.6500
5060144640031,2,7.9900
5060202922079,2,2.8900
5390908000352,4,6.9500
5390908000567,4,7.4900
5390908001922,4,6.9500
729440518356,5,8.4500
729440519667,2,13.9500
729440519674,4,9.9500
729440519964,3,9.9500
7610313424795,3,4.8900
7610313605989,3,6.1000
96086292,2,10.5000
5032722306424,2,1.4500
078522700029,2,8.0900
850835000726,4,2.9900
5014271300429,5,2.9900
5060010690382,7,4.0900
5391517061093,3,3.5100
8712439035400,9,9.1500
0066676203305,12,9.8900
5026470777018,2,8.9900
5013531730648,3,1.7900
5032722305915,4,2.0500
3380380062018,5,3.2500
28,0,7.4900
5021991245534,4,6.2500
5391517052510,4,5.5500
5032722309906,4,1.4900
5060107330139,7,1.0500
5060107330412,13,1.0500
5021991113673,0,3.9900
8886303245209,0,4.6500
5012845032752,6,2.6900
5060088701447,10,1.2500
5023552000002,1,3.6500
5391517051995,5,4.4800
33984033405,4,9.6000
5011766222280,4,1.7900
5391517061185,5,3.9000
5412533003048,3,9.5900
5012246021843,3,3.2500
097467299900,2,14.4000
5011766777728,5,4.2500
5029354007461,0,14.0500
5391517050967,3,2.5800
5014271560427,3,2.8900
0078522090076,2,7.0900
5032722302280,3,5.2900
5013665109365,6,2.5500
5060107330368,4,1.3900
5391517061468,4,2.3300
5391517063615,0,19.8200
5065000523930,4,2.9900
5021991937170,6,3.7500
6141840000516,4,5.9500
5029220908199,5,2.0500
4012824528635,4,3.1500
5021991280030,4,3.0500
5024121857300,5,1.9500
0000050160884,14,2.5900
5010338013073,8,2.2900
5011766010023,8,1.9500
5011766010207,7,2.9900
5014213200794,8,4.1900
5015672485487,1,11.4900
5018076100321,25,2.0900
5022019120208,7,5.8500
5032722308664,13,3.2900
5034511000803,3,22.3500
5060062997767,3,5.6900
5060178270129,7,9.2500
5391517050653,4,2.6900
5391517052633,4,1.6200
5391517058192,8,6.1900
5391517060409,7,1.4000
5391517061338,8,2.3600
5391517061536,7,1.0900
5391517062151,7,1.6100
5391517062465,5,4.6200
5411188094159,7,2.3500
801541040438,12,2.9900
5011766222211,6,1.5500
5060107330276,5,1.3900
7610313605910,2,10.5000
5391723680033,4,12.5900
4004148013171,6,2.2500
5065000523923,5,2.9900
5391517062229,8,3.2200
850835000504,5,2.9900
5021991200090,2,2.4900
5021991937200,6,3.2900
50761999,2,10.6500
5411188092612,18,0.6900
0898999000022,8,2.2500
5016084210759,8,3.1500
3273227081023,0,1.7900
5018076200380,7,4.4500
4005514174052,4,3.4500
5391517053470,7,1.6500
5031013101441,2,16.4500
5021554985471,5,4.9500
5032722302051,3,2.7500
782126002006,11,4.0500
5391517063066,0,7.5500
5391517052015,5,4.7900
5032722306325,2,4.3900
5021807443130,1,8.8500
0061232201528,10,2.6500
7610313313549,1,10.5000
5021991938214,5,2.7900
5029396222334,12,2.0500
5391517050585,3,1.4400
8901186101036,2,3.0500
5391517061208,4,1.7800
7610313404216,2,10.5000
5412533001549,2,7.5500
850835000023,2,2.8900
5013665100058,8,2.3900
5011428100048,12,2.9900
5021821730254,1,2.8500
8032891760055,3,1.4900
9004145007109,4,2.2500
4012824400054,6,2.9500
5060088702741,8,3.4500
5010801000043,4,4.3500
5032722300514,1,4.0500
5391517062953,4,2.2200
5032722307513,2,11.1900
5032722305038,10,2.8900
5032722308053,8,2.7500
729440519834,5,5.7500
7610313605934,2,11.6900
5765228193204,2,2.4500
5060088702369,9,1.2500
5065000523916,5,2.9900
5390908000390,3,8.5000
5391517062021,5,2.5600
5017601027218,2,4.0900
3291960001009,2,7.9900
5014271360423,4,2.9900
5391517055719,3,2.2000
5017601030416,5,2.8900
3273227342216,5,3.7500
8901186524026,23,3.9500
5018190017161,7,6.1900
5011766666633,4,3.4500
5060088702208,7,1.2500
4004148013102,4,2.2500
700596000643,2,1.1900
5390908004114,3,5.9500
5017601016816,4,1.2900
5391517054019,2,4.9400
5391517062403,0,2.3300
5011766001007,6,2.6500
5391517054910,6,1.4400
5029396322782,5,2.0500
033984017245,6,17.4400
5032558040004,1,3.6500
7610313405107,2,10.5000
50758173,6,16.6900
4001638080132,3,12.9500
4001638080194,3,16.9500
4001638088268,3,13.9500
4001638088282,3,12.2500
4001638088763,3,14.9500
4001638095617,3,11.9500
4001638095709,2,13.9500
4001638098090,3,5.9500
4004148013270,3,2.2500
5019205000338,6,3.9500
5019205000574,5,5.9500
5019205000833,2,9.5000
5019205001250,3,5.9500
50583584,3,9.9500
50583812,3,4.9500
50584079,3,4.9500
5390612001904,2,13.9500
5030131120068,4,4.0900
5010338223519,3,5.6500
5014213000424,6,4.8900
5016081312098,3,4.1500
5391500590029,7,2.4900
4012824401075,4,3.0500
5060178270112,1,3.3500
5060178270051,3,2.4500
5018076100277,11,3.6900
5391517058178,5,3.6200
5060053021112,1,27.5900
4001638099394,2,26.9500
5032722308237,3,4.5900
0018787764169,2,10.2900
5391517058185,3,3.9600
782126003089,9,3.2500
4001638099370,2,16.9500
5027556657705,2,2.8900
5032722301016,28,1.3100
0708002704086,2,4.5500
5391517063561,0,20.6900
0058449550013,2,4.4900
5390612012191,2,8.8500
5060042640515,9,6.0900
5013092120308,0,3.3900
7610313411597,2,7.2000
5016912212870,5,4.6500
5024121885303,4,1.0500
0061232200989,2,2.5500
898999000503,7,5.2500
5014213000417,3,2.6500
5391517052657,5,1.3000
5017601015109,0,2.4500
025638610025,3,6.1900
070734053283,7,3.5500
0708002400216,3,7.4900
0708002400414,3,7.6900
5011766010016,9,1.8900
5011835102765,29,1.3500
5014213000905,8,3.8900
5017601016496,28,1.8500
5021554002192,7,5.7900
5021991444036,8,3.4900
5032722301139,8,2.1900
5032722304925,7,2.8500
5032722306486,12,2.8500
5032722307957,9,10.9500
5060062998030,5,3.9500
5060088701607,22,1.2500
5060229010063,6,2.9900
5065000523183,6,2.9900
5391517052053,7,1.1100
5391517054606,9,1.2400
5391517054675,8,4.2200
5391517054828,7,3.1300
5391517061888,8,3.1000
5391517061901,8,4.6300
5391517698169,7,3.6500
5412533002911,8,5.5900
708002300295,3,5.8900
850835000122,6,2.9900
8901186101029,7,3.0500
8901186101692,6,3.0500
9318690001520,3,18.9900
96036761,3,4.6900
5032722308466,5,5.5900
0084253333108,37,2.3900
5391517062939,6,3.6700
5011273044016,2,4.9500
5391517055597,6,4.8200
4012824401426,4,3.1500
7610313405169,1,10.5000
4001638088589,2,19.9500
5032722306783,0,4.0700
5390908004237,2,7.9500
5390908002011,2,7.9500
0811639000046,3,3.0900
5014284003003,3,4.1500
5060003590309,4,8.3000
5032722304468,6,1.8500
5032722304444,9,1.8500
5014213001780,2,3.6500
4012359113108,4,4.1900
5000362104601,1,4.8900
0666016018325,3,1.0900
5391518570006,27,3.9900
061232202419,6,4.8900
5014271330426,5,2.9900
5060088701942,17,1.2500
8886303245247,0,4.6500
8017977023187,4,3.7900
5400313903084,1,1.3900
033984015951,2,13.4500
50300242,16,2.4900
5391517053791,2,7.4500
5032722305045,12,2.8900
5391517054484,6,4.1000
5391517061598,4,2.8600
5391517062779,8,4.1300
5021991200014,5,1.9900
5032722301313,27,1.3900
5032722308398,2,3.0500
5060202922017,2,3.4500
5412533004618,1,4.3900
5060100600208,15,2.3500
5391517054507,6,4.6900
5391517062304,5,3.6000
5391517062830,5,2.0800
5011835102772,8,1.3500
5391517053043,7,3.0900
5018076100970,2,2.7900
5018076100222,16,2.5500
5010112000169,3,1.6900
5032722309234,3,3.1500
5391518585796,11,2.9900
3291960011411,2,7.9900
5060010690245,2,6.3900
5013665100065,5,2.2500
5011766991148,8,2.4500
0720516720451,3,2.6500
5000362106650,17,0.9900
5011766777858,10,4.7500
7394376123337,12,2.3500
5024278000192,15,1.4500
817939005323,2,5.5500
0078522020233,2,7.5900
5391517050783,9,1.1600
4006424185237,6,3.1500
5032722312333,4,4.6500
5011835061116,4,1.6500
5391517061802,4,3.2900
619286608000,9,2.9500
3380380064647,5,3.4900
96032879,4,8.4900
5032722303416,5,4.0900
5391723680057,1,20.9900
4012359133007,3,5.4500
5014653025292,2,2.5500
7394376614699,11,1.4500
5391517061864,6,2.9600
5022817109795,6,28.9900
5391517050608,7,3.0100
5391500071337,3,19.9900
097467307018,9,45.9000
5011308000314,1,3.6900
5391517053517,5,1.2800
7610313313556,2,10.5000
0851952000040,2,1.9500
8000215204219,34,2.1500
5011835101782,18,1.3500
612322030018,3,3.4900
7610313304059,0,11.2000
5391517062205,6,4.0700
96032893,2,13.4900
5065000523138,5,2.9900
065378313930,4,2.3900
729440519865,2,7.9500
8428532230061,9,2.9900
5021821874323,0,2.8500
5391517061130,3,7.6100
5391517062281,1,6.4000
5391517062823,2,3.5700
5391517062861,3,6.9100
5391517061178,0,5.4600
5031013104619,5,9.6900
5032722307018,3,2.4500
033984000278,9,17.2000
033984000285,2,26.5500
033984004306,3,9.4500
033984004405,3,15.6900
033984005846,3,20.7900
033984009554,7,15.9600
033984010642,3,5.9500
033984010741,7,18.5400
033984017061,3,19.0500
033984017108,3,11.9700
033984027008,3,9.4500
033984031807,3,7.0800
033984033009,9,14.6400
033984035409,3,13.1700
33984020276,1,25.7700
4004148013140,4,2.2500
5391500071276,1,24.9900
5021991200106,5,1.9900
5017601032472,11,1.7900
5391517062540,2,1.6100
5392000069404,13,5.9500
5391517054682,6,2.4900
5032722307834,7,6.5500
5011835101379,3,5.5500
5032722301160,3,2.3900
5032722301061,5,1.7900
5055052619194,9,4.9900
5032558003818,4,2.2500
0070177010188,3,5.9900
5021554987895,1,4.5900
5060229010056,5,2.9900
5011766991094,7,2.4500
5032722308091,1,4.1900
5391517050905,6,1.0000
5391517051247,3,1.0800
5391517061314,5,3.1300
0020188050109,1,4.1900
8000215204233,24,2.2900
5032722313835,4,6.7500
5765228140307,1,7.0900
033984019102,3,20.8900
061232202754,6,3.3500
4010160055907,4,10.9500
5765228837009,4,6.2500
5014213000509,10,3.5500
5011766666626,6,3.4500
5017601036630,8,1.4900
5013092007005,1,5.6900
3291960002051,3,3.4900
5021991222405,3,2.3500
5391517062526,7,2.5500
5391517062502,3,4.6200
8714685000010,7,4.2500
5060016800051,8,1.4500
5411188106005,23,1.4900
5024115330055,25,1.9900
3380380060953,3,6.9800
5400313040208,4,1.4500
3380380060960,0,6.9900
5018076100352,2,4.4500
5032722306318,4,2.1900
0804345000011,9,1.4900
061232202952,0,1.6900
5011308000901,0,3.3500
5391517053265,0,4.4600
5011766222303,3,3.4900
5391517053685,2,2.1700
5391517053890,3,1.9000
5011766010054,4,1.9900
5011766010450,2,2.8500
5016084123455,6,3.0900
5011766010085,4,2.2900
5000488105773,2,7.9500
5060088702406,14,1.2500
5391517061826,3,3.5100
0061232200293,11,2.1500
5021991444067,2,3.4900
5021554981466,6,5.5500
5011835103823,11,1.3500
3291960008503,3,5.9900
5390908000420,3,6.2500
612322029999,7,3.4900
5412533004052,9,2.2500
5014213200787,6,4.1900
5032722301672,6,4.0900
5412533009033,8,2.6900
5412533002652,2,4.2900
5060107330016,10,1.0500
5021991000331,4,3.5900
0708002300493,1,5.8900
5412533004625,6,3.9500
5391517062175,4,2.6200
3273227342209,5,3.7500
5032722311992,3,4.8900
5391517062397,0,4.2000
5390908000499,0,7.9500
4012824400290,2,2.9500
5390908000284,2,9.4900
5390908000154,3,6.9500
5391517054590,7,4.2700
5391517052954,3,1.8500
5011835103816,20,1.3500
5013635482207,12,2.9900
5390908000093,2,6.9500
5391517062090,8,2.6200
5032722313217,2,2.4500
5060107330382,1,1.3900
5013665110996,5,2.0900
850835000030,4,2.9900
5021991444043,3,3.4900
782126003065,4,2.4500
5391517050301,3,1.0700
7330933243629,2,19.3500
5031013104107,13,5.9500
729440519735,2,9.9500
5060107330030,7,1.0500
5060132281819,5,9.0900
801541050505,1,3.2500
5018190017666,9,6.5500
8716099102007,1,2.9500
5011766000307,8,2.5900
5011766222358,1,2.2500
5013665103752,9,2.5500
5032722308213,2,4.1500
5011766010078,4,4.0500
5098823000104,2,17.5000
5013455080652,0,7.2500
5390908000345,1,6.5000
5391500070804,2,25.9900
097467307056,3,15.1000
5412533001617,5,3.3500
5032722303638,2,3.4900
5011308000017,7,3.3500
5098823000005,8,13.7500
5391517061642,4,5.3200
5391517061277,4,6.9500
7610313404056,2,12.5500
5029354011451,2,5.7500
4004148013294,2,2.2500
5011308002202,8,3.3500
5060005460594,3,3.6500
5391517061550,6,2.2900
5060092030236,2,6.9900
5010112000053,3,3.0500
5034210210190,8,2.5500
7330933140539,3,7.5900
5391518590004,29,3.9900
5411188513513,40,1.4900
7330933031349,2,11.3500
6005207000055,0,4.9900
5032722309784,3,1.1900
5021554985495,3,5.1500
6141840000509,2,5.9500
6005207000192,0,4.6900
6005207000062,0,4.7600
7290004393366,0,5.4500
7290011349936,3,4.8900
7290013998163,0,5.4500
5031102000044,0,3.7500
5031102000068,0,3.7500
5031102000075,0,3.7500
5031102000372,0,4.1500
5031102000389,0,4.1500
5031102000419,0,4.1500
5031102000600,0,4.9900
5031102000624,0,4.9900
5031102000631,0,4.9900
7313112060118,0,4.4900
7313112064017,0,4.4900
7313112064048,0,4.9900
5060002041178,0,8.9900
5060002041208,0,12.0900
5392000088313,0,7.5000
8017977014987,1,3.7900
042272000395,0,3.9500
5019503005875,0,6.3500
5019503002133,0,4.3900
4026813020031,0,3.2500
4026813020079,0,2.4900
4026813110213,0,4.7900
4026813110220,0,4.7900
5012869500633,0,3.7500
5012869540752,0,3.7500
5012869541490,0,3.3900
070734053344,7,3.0900
5412533002287,5,2.8500
5391517056532,4,6.9300
50300259,7,2.4900
3057640100178,7,1.4500
5022019150113,7,3.5900
5011835104042,17,3.2900
5011835100211,3,3.4500
5011835100556,8,3.1500
5011835100624,11,3.4500
5011835101966,9,3.1500
5011835102390,19,3.6500
5011835104035,5,3.4500
5011835104059,10,3.4500
5011835104974,8,3.1500
7622210023063,7,3.1500
7622210148957,14,3.4500
076314302024,1,19.0900
5391500590005,4,9.5500
5391517062243,2,3.8600
5391517062168,3,7.1800
4012824528475,2,2.9500
5060316730003,10,1.3500
5021554002185,5,2.4900
5011835102161,13,1.3500
619286606006,-1,2.6900
5032722304413,6,2.4500
5011835103809,5,1.2900
5391517061680,3,2.2100
5391517061383,3,1.9500
5391517061956,4,8.7900
5391517061673,4,2.9900
5391517061079,6,1.9500
5391517052800,5,5.5400
5391517061871,6,2.5500
4012824400252,6,3.1500
5032722302761,5,1.4900
850835000115,4,2.9900
5391517062410,7,5.6400
5391517062359,3,3.7700
4012359110107,3,2.4500
5018811000015,7,1.2500
078522000785,2,9.1500
7610313301164,4,10.5000
033984020290,1,18.6000
5391517061796,7,2.1800
8714685001239,7,1.8900
058449771999,0,4.4900
5013803666590,3,5.0900
5060088702185,10,1.2500
5060088701638,12,1.2500
0666016118100,3,1.0900
5024121899300,6,1.9500
5390908001267,2,7.9500
0075172078102,3,0.6900
075172079246,24,0.6900
5391517053814,10,1.8400
5391517062076,8,2.6200
5060144420114,13,3.1500
5060283760034,13,1.0900
5391517061246,3,2.4300
5029396738736,7,2.0500
033984024007,5,16.7400
782126003058,10,3.1900
8712153400010,4,2.1900

(2758 rows affected)
